firstName,lastName,title,company,email,mobilePhone,otherPhone,personLinkedinUrl,companyLinkedinUrl,website
Jose,Perez,General Manager | Partnerships,Cloze,jose@cloze.com,+1 504-319-4321,+1 650-616-4007,http://www.linkedin.com/in/joseiperez,http://www.linkedin.com/company/cloze,https://cloze.com
Shawn,Westpfahl,General Manager,Heartland Technology,shawn.westpfahl@heartlandtechnology.com,+1 319-249-6993,,http://www.linkedin.com/in/shawn-westpfahl-01634956,http://www.linkedin.com/company/heartland-technology-data-center,https://heartlandtechnology.com
Lorenzo,Carozzi,General Manager,AEC UPS,lorenzo@aecups.com,+1 786-991-9578,,http://www.linkedin.com/in/lorenzo-aecups,http://www.linkedin.com/company/aec-ups,https://aecups.com
Bryan,Wagner,President & GM,Chint Power Systems Americas,bryan.wagner@chintpower.com,+1 908-246-1303,,http://www.linkedin.com/in/bryanwagner,http://www.linkedin.com/company/chint-power-systems,https://chintpowersystems.com
Paul,Ioakim,"General Manager, GSQ Experiences",GameSquare Holdings Inc.,paul.ioakim@gamesquare.com,+1 310-880-5670,+1 310-804-2695,http://www.linkedin.com/in/paulioakim,http://www.linkedin.com/company/gsqholdings,https://gamesquare.com
Thomas,Manning,"President, General Manager",Electro-Miniatures Corp.,tmanning@electro-miniatures.com,+1 860-593-2218,+1 973-316-4218,http://www.linkedin.com/in/thomas-manning-a6017632,http://www.linkedin.com/company/electro-miniatures,https://electro-miniatures.com
Ron,Lorentzen,General Manager,"City Theatrical, LLC",rlorentzen@citytheatrical.com,+1 917-456-4207,+1 864-843-5172,http://www.linkedin.com/in/ronlorentzen,http://www.linkedin.com/company/citytheatrical,https://citytheatrical.com
Tracy,Queen,CFO and General Manager,ICC International,tqueen@iccinternational.com,+1 865-742-7737,,http://www.linkedin.com/in/tracy-queen-2a92b175,http://www.linkedin.com/company/icc-international,https://iccinternational.com
Kevin,Liu,General Manager North America,Sobot,kevin.liu@sobot.io,+1 802-812-8465,,http://www.linkedin.com/in/kkevinl,http://www.linkedin.com/company/sobotofficial,https://sobot.io
Gavin,Pratt,Senior Vice President & General Manager,Bioscience International,gpratt@biosci-intl.com,+1 650-265-5475,,http://www.linkedin.com/in/gavinpratt,http://www.linkedin.com/company/bioscience-international,https://biosci-intl.com
Robert,Denbo,General Manager,"Midwest Printed Circuit Services, Inc.",rdenbo@midwestpcb.com,+1 847-812-0905,,http://www.linkedin.com/in/robert-d-3a62772b,http://www.linkedin.com/company/midwest-printed-circuit-services-inc-,https://midwestpcb.com
Chuck,Coxhead,General Manager,Koaxis,chuck.coxhead@koaxis.com,+1 215-327-3606,+1 267-209-0229,http://www.linkedin.com/in/chuckcoxhead,http://www.linkedin.com/company/koaxis,https://koaxis.com
Shanta,Bonius,General Manager,Eagle Eye Tax Solutions,sbonius@eagleeyetax.com,+1 225-369-1067,,http://www.linkedin.com/in/shanta-bonius,http://www.linkedin.com/company/eagle-eye-tax-solutions,https://eagleeyetax.com
Rafe,Rosato,Executive Vice President and General Manager,"Auxilior Capital Partners, Inc.",rrosato@auxcap.com,+1 610-766-1929,+1 817-714-5412,http://www.linkedin.com/in/raferosato,http://www.linkedin.com/company/auxilior-capital-partners-inc,https://auxcap.com
Michael,North,Vice President & General Manager,Anderson Global,mnorth@andersonglobal.com,+1 313-220-3114,,http://www.linkedin.com/in/mjnconsulting,http://www.linkedin.com/company/andersonglobal-group,https://anderson-global.com
Thomas,Thuillier,General Manager North America,Deepomatic,thomas.thuillier@deepomatic.com,+1 706-540-3132,,http://www.linkedin.com/in/thomasthuillier,http://www.linkedin.com/company/deepomatic,https://deepomatic.com
Luis,Berlanga,"General Manager, Head of Sales- Americas",DTEN,luis.berlanga@dten.com,+1 817-917-1806,,http://www.linkedin.com/in/lberlanga,http://www.linkedin.com/company/dten-global,https://dten.com
Jared,Sibrava,General Manager - Amphenol Military High Speed,Amphenol Military High Speed,jsibrava@amphenol-aao.com,+1 607-643-1845,+1 607-205-8730,http://www.linkedin.com/in/jaredsibrava,http://www.linkedin.com/company/amphenol-military-high-speed,https://amphenol-aao.com
Mike,Akard,General Manager,AKARD COMMUTATOR of TENNESSEE (ACT),makard@act-inc.com,+1 865-567-0817,,http://www.linkedin.com/in/mike-akard-act-83a13610b,http://www.linkedin.com/company/act-management-inc.,https://act-inc.com
Wayne,Tanner,General Manager,TriMech Enterprise Solutions,wtanner@adaptivecorp.com,+1 217-615-2112,,http://www.linkedin.com/in/waynetanner,http://www.linkedin.com/company/trimechenterprisesolutions,https://adaptivecorp.com
Dana,Corey,SVP & GM,Avocor,dana.corey@avocor.com,+1 916-952-6867,+1 408-586-1145,http://www.linkedin.com/in/danacorey1,http://www.linkedin.com/company/avocor,https://avocor.com
Lou,Troilo,SVP & GM: SharpCloud US,SharpCloud,lou@sharpcloud.com,+1 610-240-7117,,http://www.linkedin.com/in/loutroilo,http://www.linkedin.com/company/sharpcloud-software-ltd-,https://sharpcloud.com
Marti,Funk,"Partner + CMO; GM, Digital Ascendant",Ascendant Network,marti@ascendantnetwork.com,+1 415-336-8536,+1 949-382-7922,http://www.linkedin.com/in/martifunk,http://www.linkedin.com/company/ascendant-network,https://ascendantnetwork.com
Joaquin,Peirano,General Manager/VP Commercial - Americas,Smart Wires Inc.,joaquin.peirano@smartwires.com,+1 603-359-0287,+34 687 38 73 83,http://www.linkedin.com/in/joaquin-peirano,http://www.linkedin.com/company/smartwiresinc,https://smartwires.com
Dan,Boberg,"General Manager, Americas",Rellify,dan@rellify.com,+1 626-488-6700,,http://www.linkedin.com/in/danboberg,http://www.linkedin.com/company/rellify,https://rellify.com
Sofia,Rossato,President and GM,Floify,sofia@floify.com,+1 720-839-9634,+1 855-667-6268,http://www.linkedin.com/in/sofia-rossato-870b751,http://www.linkedin.com/company/floify,https://floify.com
Eric,Fang,General Manager/Site Head,Snapdragon Chemistry,eric.fang@snapdragonchemistry.com,+1 617-894-1899,+1 781-299-7799 ext 701,http://www.linkedin.com/in/eric-fang-97910862,http://www.linkedin.com/company/cambrex,https://snapdragonchemistry.com
Connor,Olsen,General Manager,"Yojna, Inc.",connor.olsen@yojna.com,+1 206-765-6575,,http://www.linkedin.com/in/connorolsen,http://www.linkedin.com/company/yojna-inc.,https://yojna.com
Deanna,Rogers,General Manager,EPIC Network,deanna@epicnetwork.com,+1 512-479-8608,,http://www.linkedin.com/in/drogers2024,http://www.linkedin.com/company/the-epic-network,https://epicnetwork.com
Maryann,Moschides,General Manager,Scanbuy - A Kezzler Company,maryann.moschides@scanbuy.com,+1 914-912-3801,+1 646-688-5818,http://www.linkedin.com/in/maryannmoschides,http://www.linkedin.com/company/scanbuy,https://scanbuy.com
Julien,Boaniche,General Manager US,NEXESS,julien.boaniche@nexess-solutions.com,+33 7 68 15 27 72,+33 9 72 12 22 94,http://www.linkedin.com/in/julien-boaniche-76551056,http://www.linkedin.com/company/nexess-iotsolutions,https://nexess-solutions.com
Debbie,Romero,General Manager,PATLITE USA Corporation,dromero@patlite.com,+1 310-227-5606,,http://www.linkedin.com/in/debbie-romero-70955a88,http://www.linkedin.com/company/patlite-usa-corporation,https://patlite.com
Andrew,Umans,"GM, Higher Education and VP, Strategy & Partnerships",Modo Labs,andrew.umans@modolabs.com,+82 10-3687-5091,,http://www.linkedin.com/in/andrew-umans-7963a03,http://www.linkedin.com/company/modo-labs-inc-,https://modolabs.com
David,Vincent,General Manager,VTI Life Sciences,david.vincent@validation.org,+1 858-967-1725,+1 843-686-5461,http://www.linkedin.com/in/david-vincent-ceo-b-sc-mph-phd-43161413,http://www.linkedin.com/company/vti-life-sciences,https://validation.org
Chris,Ebert,"SVP | GM | Head of Sales, Americas & EMEA",Care Daily,chris@caredaily.ai,+1 678-963-6309,,http://www.linkedin.com/in/ebertchris,http://www.linkedin.com/company/care-daily,https://caredaily.ai
Troy,Stevens,GM and Sales Director,"Morpheus Data, acquired by Hewlett Packard Enterprise company in 2024",tstevens@morpheusdata.com,+1 614-208-1648,+1 614-602-8121,http://www.linkedin.com/in/troy-stevens-bb3963,http://www.linkedin.com/company/morpheusdata,https://morpheusdata.com
Allen,Kalkomey,Executive Vice President & General Manager,Precision Architectural Lighting,allen@pallighting.com,+1 832-465-8004,+1 713-587-8463,http://www.linkedin.com/in/akalkomey,http://www.linkedin.com/company/precision-architectural-lighting,https://pal-lighting.com
Eugene,Desilva,General Manager,"Aliaswire, Inc.",edesilva@aliaswire.com,+1 203-539-9853,+1 914-249-3872,http://www.linkedin.com/in/eugene-desilva-a1b9b1,http://www.linkedin.com/company/aliaswire,https://aliaswire.com
Juliette,Smith,General Manager,"Smartrise Engineering, Inc.",juliette@smartrise.us,+1 916-254-8919,+1 916-457-5129 ext 310,http://www.linkedin.com/in/juliette-burns,http://www.linkedin.com/company/smartrise,https://smartrise.us
Matt,Barcomb,General Manager & COO,Cyberstar,mbarcomb@willcotech.com,+1 617-763-6551,,http://www.linkedin.com/in/mattbarcomb,http://www.linkedin.com/company/cyberstar-usa,https://cyberstar.com
Justin,Smith,General Manager,Concurrent Real-Time,justin.smith@concurrent-rt.com,+1 630-258-8592,,http://www.linkedin.com/in/proprosperitas,http://www.linkedin.com/company/concurrent-rt,https://concurrent-rt.com
Terry,Pappas,General Manager / VP Heat Pump Sales - Wallace Eannace Heat Pump Division,Heat Pump Solutions,tpappas@wea-inc.com,+1 312-497-7095,,http://www.linkedin.com/in/terrypappas,http://www.linkedin.com/company/heat-pumps-solutions,https://panasonichvac.com
Kevin,Hernandez,General Manager,Spira EMI Gaskets,kevin@spira-emi.com,+1 661-492-3749,,http://www.linkedin.com/in/kevin-hernandez-03668655,http://www.linkedin.com/company/spira-manufacturing-corporation,https://spira-emi.com
Jason,Phillips,General Manager,"Advanced Rotors, Inc.",jphillips@advrotors.com,+1 954-907-1049,,http://www.linkedin.com/in/jason-phillips-35b266174,http://www.linkedin.com/company/advancedrotors,https://advrotors.com