"First Name","Last Name","Title","Company","Email","Mobile Phone","Other Phone","Corporate Phone","Person Linkedin Url","Company Linkedin Url","Website","State","Country","Time Zone"
"Stefan","Kershow","Managing Director, Structured Finance","The Bernstein Companies","skershow@tbco.biz","12023065091","","12023339000","http://www.linkedin.com/in/stefan-kershow-62775b8","http://www.linkedin.com/company/the-bernstein-companies","https://thebernsteincompanies.com","District of Columbia","United States","EST"
"Nick","Ort","Pre-Owned Sales Manager","Perrysburg Auto Mall","nort@edschmidt.com","14192901990","14198725436","14198744331","http://www.linkedin.com/in/nick-ort-jr-a9648a2b1","http://www.linkedin.com/company/ed-schmidt-automotive-group-inc","https://perrysburgautomall.com","Michigan","United States","EST"
"Andy","Stromberg","Account Manager - MD/DC/VA","AccessIT Group","andys@accessitgroup.com","14107824812","","16107835200","http://www.linkedin.com/in/andy-s-30132832","http://www.linkedin.com/company/accessit-group","https://accessitgroup.com","Maryland","United States","EST"
"Kevin","Hammond","Managing Director","Tilden Park Capital Management LP","khammond@tildenparkcapital.com","12154294593","","12127541707","http://www.linkedin.com/in/kevinjohnhammond","http://www.linkedin.com/company/tilden-park-capital-management","https://tildenparkcapital.com","New York","United States","EST"
"Todd","Ellis","Managing Director, Client Accounting Services","Walter Shuffain","tellis@wscpa.com","16173574000ext124","","16174472700","http://www.linkedin.com/in/toddelliscfo","http://www.linkedin.com/company/wsadvisorsboston","https://wsadvisors.com","Massachusetts","United States","EST"
"Horacio","Rodriguez","General Manager","Clinical Care Options","hrodriguez@clinicaloptions.com","18568578065","","18552242241","http://www.linkedin.com/in/horacio-rodriguez-47b6885","http://www.linkedin.com/company/clinical-care-options","https://clinicaloptions.com","Pennsylvania","United States","EST"
"Chris","Stanley","General Manager","Clintwood JOD","chris.stanley@clintwoodjod.com","16068353244","","16067545010","http://www.linkedin.com/in/chris-stanley-a95b21128","http://www.linkedin.com/company/clintwoodjod","https://clintwoodjod.com","West Virginia","United States","EST"
"Efrain","Munoz","General Manager","Sticky's","efrain@stickys.com","17202992492","","19177551770","http://www.linkedin.com/in/efrain-munoz-798865118","http://www.linkedin.com/company/stickysnyc","https://stickys.com","New York","United States","EST"
"Rafael","Salvatierra","Managing Director, Head of Americas","Luma Financial Technologies","rsalvatierra@lumafintech.com","19178605741","","18448445862","http://www.linkedin.com/in/rafael-salvatierra-2641a1","http://www.linkedin.com/company/lumafintech","https://lumafintech.com","Florida","United States","EST"
"Matthew","Kirby","Managing Director, Principal","Hamilton Capital","mjk@hamiltoncapital.com","16142731001","","16142731000","http://www.linkedin.com/in/matthew-j-kirby","http://www.linkedin.com/company/hamilton-capital-management","https://hamiltoncapital.com","Ohio","United States","EST"
"Larry","Phillips","Managing Director of Portfolio Operations","J.F. Lehman & Company","ljp@jflpartners.com","16466391018","12127526429","12126340100","http://www.linkedin.com/in/larry-phillips-3857992","http://www.linkedin.com/company/jf-lehman-&-company","https://jflpartners.com","New Jersey","United States","EST"
"Michael","Friedman","Managing Director","J.F. Lehman & Company","msf@jflpartners.com","12126341188","","12126340100","http://www.linkedin.com/in/michael-friedman-b751b423","http://www.linkedin.com/company/jf-lehman-&-company","https://jflpartners.com","New York","United States","EST"
"Fernando","Gardner","Managing Director, Marketing & Investor Relations","Pine River Capital Management","fernando.gardner@prcm.com","16468328921","15126640823","16122383300","http://www.linkedin.com/in/fernando-gardner-76814531","http://www.linkedin.com/company/pine-river-capital-management","https://pinerivercapital.com","New York","United States","EST"
"Keeyeol","Nam","Former Portfolio Manager, Managing Director | Portfolio Management","Tilden Park Capital Management LP","knam@tildenparkcapital.com","12035643282","","12127541707","http://www.linkedin.com/in/keeyeol-nam-2625aa64","http://www.linkedin.com/company/tilden-park-capital-management","https://tildenparkcapital.com","New York","United States","EST"
"Gary","Tiffan","GM","Fyda Freightliner","gtiffan@fydafreightliner.com","16145540094","","16148510002","http://www.linkedin.com/in/gary-tiffan-b9001621","http://www.linkedin.com/company/fyda-freightliner-columbus-inc.","https://fydafreightliner.com","Ohio","United States","EST"
"Grace","Brasington","Executive Managing Director","Asurity","gbrasington@asurity.com","19042334245","19048543044","12027652150","http://www.linkedin.com/in/grace-brasington-77869245","http://www.linkedin.com/company/asurity-technologies","https://asurity.com","Florida","United States","EST"
"Marc","Koskela","General Manager","REL, Inc.","marc@relinc.net","19063702020","","19063373018","http://www.linkedin.com/in/marc-koskela-191911122","http://www.linkedin.com/company/rel-inc-","https://relinc.com","Michigan","United States","EST"
"Keri","Hogue","General Manager","Shealy Truck Center","keri@shealytruck.com","18034677740","","","http://www.linkedin.com/in/keri-hogue-49716430","http://www.linkedin.com/company/shealytruckcenter","https://shealytruck.com","South Carolina","United States","EST"
"Dean","Churchill","General Manager","Koch Cabinets","dchurchill@kochcabinet.com","15099282645","","17853366022","http://www.linkedin.com/in/dean-churchill-35118b18","http://www.linkedin.com/company/koch-co-inc","https://kochcabinet.com","South Carolina","United States","EST"
"Mark","Palonen","Managing Director","SEI LifeYield","mark@lifeyield.com","16175025710","","16175025660","http://www.linkedin.com/in/mark-palonen-15906124","http://www.linkedin.com/company/lifeyield-llc","https://lifeyield.com","Massachusetts","United States","EST"
"Brian","Wolford","VP/General Manager","Fine Line Homes","brian.wolford@finelinehomes.com","15704553324","","18668064420","http://www.linkedin.com/in/brian-wolford-5ba673212","http://www.linkedin.com/company/fine-line-homes","https://finelinehomes.com","Pennsylvania","United States","EST"
"Josean","Fernandez","Managing Director - Head of Intermediary Distribution","Parnassus Investments","josean.fernandez@parnassus.com","12128244335","","18009993505","http://www.linkedin.com/in/joseanfernandez","http://www.linkedin.com/company/parnassus-investments","https://parnassus.com","New York","United States","EST"
"Matt","Gehring","Senior Account Manager (DC,MD,VA)","AccessIT Group","mattg@accessitgroup.com","14105280220","","16107835200","http://www.linkedin.com/in/matt-gehring-6622ba1","http://www.linkedin.com/company/accessit-group","https://accessitgroup.com","Maryland","United States","EST"
"Bob","Duffy","General Manager","Devaney Energy, Inc","bduffy@devaneyenergy.com","16177194829","","16179648383","http://www.linkedin.com/in/bob-duffy-31458813","http://www.linkedin.com/company/devaneyenergyinc","https://devaneyenergy.com","Massachusetts","United States","EST"
"Sarah","Leung","Managing Director","No. 29 Communications","sarah@thenumber29.com","19147332623","","","http://www.linkedin.com/in/sarah-elle-leung","http://www.linkedin.com/company/theno29","https://thenumber29.com","New York","United States","EST"
"storytelling","strategic partnerships","and activations","we elevate and give","","","","","","","","","","NA"
"voice to brands that create impact.,Gmail","Google Apps","Typekit","Mobile Friendly,,,,,,,,FALSE,FALSE,FALSE,FALSE,,6840235e9201c90001bb18a3,6840235e9201c90001bb1919,,,,","","","","","","","","","","NA"
"Andrew","Fromuth","Managing Director, Co-Founder","Hindsight Technology Solutions","afromuth@hindsightsolutions.net","16037857497","","46763202352","http://www.linkedin.com/in/andrew-fromuth-02626710","http://www.linkedin.com/company/hindsighttechnologysolutions","https://hindsightsolutions.net","New York","United States","EST"
"Chris","McCarty","General Manager","Fyda Freightliner","cmccarty@fydafreightliner.com","17243557454","17248418114","16148510002","http://www.linkedin.com/in/chris-mccarty-2a9313191","http://www.linkedin.com/company/fyda-freightliner-columbus-inc.","https://fydafreightliner.com","Pennsylvania","United States","EST"
"Arun","Subbiah","Managing Director","Tilden Park Capital Management LP","asubbiah@tildenparkcapital.com","12127617885","","12127541707","http://www.linkedin.com/in/subbiaharun","http://www.linkedin.com/company/tilden-park-capital-management","https://tildenparkcapital.com","New York","United States","EST"
"Kevin","Rowland","Executive Vice President and General Manager","Jordi Labs, an RQM+ Company","krowland@jordilabs.com","17742840796","","18338880224","http://www.linkedin.com/in/kevin-rowland-94791582","http://www.linkedin.com/company/jordi-labs","https://jordilabs.com","Massachusetts","United States","EST"
"Cory","Heigl","General Manager","Peninsula Fiber Network, LLC.","cheigl@pfnllc.net","19062823682","19067762634","19062262010","http://www.linkedin.com/in/r-cory-heigl-3669086","http://www.linkedin.com/company/pennisula-fiber-network-llc","https://pfnllc.net","Michigan","United States","EST"
"John","Zitkus","General Manager","Zircon Corporation","john.zitkus@zircon.com","16104270789","","18002459265","http://www.linkedin.com/in/john-zitkus-7324711","http://www.linkedin.com/company/zircon-corporation","https://zircon.com","Pennsylvania","United States","EST"
"Matt","Harding","General Manager","Landaal Packaging","matt.harding@landaal.com","15863443823","19898942854","13138721200","http://www.linkedin.com/in/matt-harding-3207a34a","http://www.linkedin.com/company/landaal-packaging-systems","https://landaal.com","Michigan","United States","EST"
"Kelsey","Schueler","Managing Director","Environmental Incentives Inc.","kschueler@enviroincentives.com","14106087132","","15305412980","http://www.linkedin.com/in/kelseyschueler","http://www.linkedin.com/company/environmental-incentives-inc","https://enviroincentives.com","District of Columbia","United States","EST"
"David","McCartney","General Manager","Peninsula Fiber Network, LLC.","dmccartney@pfnllc.net","19062505952","17575101227","19062262010","http://www.linkedin.com/in/david-mccartney-098a561","http://www.linkedin.com/company/pennisula-fiber-network-llc","https://pfnllc.net","Michigan","United States","EST"
"Michael","Rothman","General Manager","Vision Financial Markets LLC","mrothman@vfmarkets.com","12039798884","","18778363949","http://www.linkedin.com/in/michael-rothman-144a2a54","http://www.linkedin.com/company/vision-financial-markets-llc","https://vfmarkets.com","Connecticut","United States","EST"
"Karla","Ruggeri","General Manager","ALCOR Scientific","kruggeri@alcorscientific.com","14017420191","","18004955270","http://www.linkedin.com/in/karla-ruggeri-4512a01b","http://www.linkedin.com/company/alcor-scientific","https://alcorscientific.com","Rhode Island","United States","EST"
"Paul","Smyth","General Manager","Lindsay Automotive Group","","17035807046","","","http://www.linkedin.com/in/paul-smyth-37859713","http://www.linkedin.com/company/lindsay-automotive-group","https://lindsaycars.com","Virginia","United States","EST"
"Brady","Beals","Managing Director, Head of Investment Solutions","Luma Financial Technologies","bbeals@lumafintech.com","15138781085","","18448445862","http://www.linkedin.com/in/brady-beals-cfa-caia-0b159710a","http://www.linkedin.com/company/lumafintech","https://lumafintech.com","Ohio","United States","EST"
"Steve","Taylor","Managing Director- Group Health Division","Universal Fidelity Life Insurance Company","staylor@uflic.com","12032410826","12032420826","15802558530","http://www.linkedin.com/in/steve-taylor-2aa641b2","http://www.linkedin.com/company/universal-fidelity-life-insurance-company","https://uflic.com","New York","United States","EST"
"Matthew","Burke","Managing Director","Greenbriar Equity Group, L.P.","mburke@greenbriarequity.com","15165323829","19149219430","12033022500","http://www.linkedin.com/in/matthew-burke-7991509","http://www.linkedin.com/company/greenbriar-equity-group","https://greenbriarequity.com","Connecticut","United States","EST"
"Cliff","Bargeron","Managing Director","Garnet Capital Advisors","cbargeron@garnetcapital.com","19146308862","","19149091000","http://www.linkedin.com/in/cliffbargeron","http://www.linkedin.com/company/garnet-capital-advisors","https://garnetcapital.com","Georgia","United States","EST"
"Jay","Patel","md","Hamilton Cardiology","patel@hcahamilton.com","18503212664","16095584573","16095841212","http://www.linkedin.com/in/jay-patel-7677a222","http://www.linkedin.com/company/hamilton-cardiology","https://hcahamilton.com","New Jersey","United States","EST"
"Kristine","Langer","General Manager","ReNEW Manufacturing Solutions","kristine.langer@interfusemfg.com","18149337372","","15122597676","http://www.linkedin.com/in/kristine-langer-6148421b","http://www.linkedin.com/company/renew-manufacturing-solutions","https://renewmfgsol.com","Pennsylvania","United States","EST"
"Kevin","Lee","GM and Country Manager Korea 지사장/대표","VANTIQ","klee@vantiq.com","821038921813","","13039024003","http://www.linkedin.com/in/kevin-hyung-keun-lee-3b2a3b18","http://www.linkedin.com/company/vantiq-software","https://vantiq.com","Massachusetts","United States","EST"
"Bobby","Long","General Manager","Shults Ford","bobbyl@shultsford.com","12543389543","17243098328","17249342388","http://www.linkedin.com/in/bobby-long-47540896","http://www.linkedin.com/company/shults-ford","https://shultsford.com","Pennsylvania","United States","EST"
"Casey","Roden","Managing Director","Vision Financial Markets LLC","croden@vfmarkets.com","13104900527","19173283877","18778363949","http://www.linkedin.com/in/casey-roden-b370747","http://www.linkedin.com/company/vision-financial-markets-llc","https://vfmarkets.com","New York","United States","EST"
"Jay","Charles","Managing Director, Head of Insurance Products","Luma Financial Technologies","jcharles@lumafintech.com","16107422088","","18448445862","http://www.linkedin.com/in/jay-charles-luma","http://www.linkedin.com/company/lumafintech","https://lumafintech.com","New York","United States","EST"
"Jarrod","Fry","General Manager","City of Medina","jarrodfry@medinaoh.org","13306363455","","13307216901","http://www.linkedin.com/in/jarrod-fry-45247b67","http://www.linkedin.com/company/city-of-medina","https://medinaoh.org","Ohio","United States","EST"
"Gary","Weems","General Manager","Koch Cabinets","garyw@kochcabinet.com","17065992642","","17853366022","http://www.linkedin.com/in/gary-weems-4527ab21","http://www.linkedin.com/company/koch-co-inc","https://kochcabinet.com","Tennessee","United States","EST"
"Mike","Faieta","Managing Director","Hamilton Capital","mpf@hamiltoncapital.com","16145454011","","16142731000","http://www.linkedin.com/in/mike-faieta","http://www.linkedin.com/company/hamilton-capital-management","https://hamiltoncapital.com","Ohio","United States","EST"
"Karina","Perelmuter","Managing Director, Marketing & Investor Relations","J.F. Lehman & Company","kp@jflpartners.com","18455462657","","12126340100","http://www.linkedin.com/in/karinaperelmuter","http://www.linkedin.com/company/jf-lehman-&-company","https://jflpartners.com","New York","United States","EST"
"David","Thomas","Managing Director","J.F. Lehman & Company","dft@jflpartners.com","19148307789","","12126340100","http://www.linkedin.com/in/david-thomas-7683462b","http://www.linkedin.com/company/jf-lehman-&-company","https://jflpartners.com","New York","United States","EST"
"Johanna","Doherty","Managing Director - Investor Relations","Greenbriar Equity Group, L.P.","jdoherty@greenbriarequity.com","16034969867","","12033022500","http://www.linkedin.com/in/johanna-doherty-70109913","http://www.linkedin.com/company/greenbriar-equity-group","https://greenbriarequity.com","New York","United States","EST"
"Lynn","Woosley","Managing Director, Asurity Advisors","Asurity","lwoosley@asurity.com","12028977330","","12027652150","http://www.linkedin.com/in/lynnwoosley","http://www.linkedin.com/company/asurity-technologies","https://asurity.com","Georgia","United States","EST"
"Urs","Schaffluetzel","General Manager","REICH LLC","urs.schaffluetzel@reich-llc.com","19897248265","12482751872","18286519019","http://www.linkedin.com/in/urs-schaffluetzel-60a87310","http://www.linkedin.com/company/reich-llc.com","https://reich-llc.com","North Carolina","United States","EST"
"Joe","Lamantia","Managing Director","e-Ventus Corporation","jlamantia@e-ventus.com","12165334596","12166436840","12166431900","http://www.linkedin.com/in/joe-lamantia-64659","http://www.linkedin.com/company/e-ventus-corporation","https://e-ventus.com","Ohio","United States","EST"
"Earl","Millett","Managing Director, Program Team Operations","The Harry and Jeanette Weinberg Foundation","emillett@hjweinberg.org","14108003785","14103668533ext214","14106548500","http://www.linkedin.com/in/earl-millett-a443177","http://www.linkedin.com/company/hjweinbergfoundation","https://hjweinbergfoundation.org","Maryland","United States","EST"
"Michael","Batty","General Manager","Omni Tax Help","mbatty@omnitaxhelp.com","17542644811","17729079509","18007078065","http://www.linkedin.com/in/michael-batty-4b9ab3154","http://www.linkedin.com/company/omnitaxhelp","https://omnitaxhelp.com","Florida","United States","EST"
"Brenner","Bernstein","Managing Director of Business Operations","The Bernstein Companies","brenner.bernstein@tbco.biz","12023091310","","12023339000","http://www.linkedin.com/in/brenner-bernstein-139011ba","http://www.linkedin.com/company/the-bernstein-companies","https://thebernsteincompanies.com","District of Columbia","United States","EST"
"Ton","Roelandse","Managing Director ‑ Chief Technology & Innovation Officer","Trexin Consulting","ton.roelandse@trexin.com","17862232949","16129633902","19527454529","http://www.linkedin.com/in/tonroelandse","http://www.linkedin.com/company/trexin-consulting","https://trexin.com","Florida","United States","EST"