firstName,lastName,title,company,email,mobilePhone,otherPhone,corporatePhone,personLinkedinUrl,companyLinkedinUrl,website
Alan,Ruffin,Information Technology Manager,Milbank LLP,aruffin@milbank.com,'+1 240-426-4781,'+1 202-728-1233,'+1 212-530-5091,http://www.linkedin.com/in/alan-ruffin-5296923,http://www.linkedin.com/company/milbankllp,https://milbank.com
Christian,Mariano,IT Manager,Teneo,christian.mariano@teneo.com,'+1 347-326-1492,,'+1 212-886-1600,http://www.linkedin.com/in/christian-mariano-a24b8b165,http://www.linkedin.com/company/teneoglobal,https://teneo.com
Maria,Cinco,Information Technology Manager,Kelley Drye & Warren LLP,mcinco@kelleydrye.com,'+1 571-260-7382,'+1 202-383-3402,'+1 212-808-7800,http://www.linkedin.com/in/mariafarrahcinco,http://www.linkedin.com/company/kelley-drye-&-warren-llp,https://kelleydrye.com
Bobby,Phan,IT Manager,Ivalua,bph@ivalua.com,'+1 347-946-2833,,'+1 650-930-9710,http://www.linkedin.com/in/bobby-phan,http://www.linkedin.com/company/ivalua,https://ivalua.com
Kwadwo,Frimpong,IT Manager,MetTel,kfrimpong@mettel.net,'+1 347-377-4690,,'+1 877-963-8663,http://www.linkedin.com/in/frimpongk,http://www.linkedin.com/company/mettel,https://mettel.net
Ven,Perez,IT Manager,Montefiore Einstein Technology,vperez@montefiore.org,'+1 914-457-6134,,'+1 914-457-6000,http://www.linkedin.com/in/ven-perez-8068b078,http://www.linkedin.com/company/emerging-health-montefiore-information-technology,https://emerginghealthit.com
Joan,Fuhrman,IT Manager,Archdiocese of New York,joan.fuhrman@archny.org,'+1 917-559-3589,'+1 212-371-1011,'+1 212-371-1000,http://www.linkedin.com/in/joanfuhrman,http://www.linkedin.com/company/archdiocesan-catholic-ctr,https://archny.org
Charles,Hall,Information Technology Manager,Forbes Advisor,chall@forbesadvisor.com,'+1 908-268-8906,,'+1 800-837-3734,http://www.linkedin.com/in/charlesphall,,https://forbesadvisor.com
Darryl,Smith,IT Manager,Project Renewal,darryl.smith@projectrenewal.org,'+1 917-578-6894,,'+1 212-620-0340,http://www.linkedin.com/in/darryl-s-5a033b23,http://www.linkedin.com/company/project-renewal,https://projectrenewal.org
Joshua,Mohanlall,IT Manager,Institute for Integrative Nutrition,joshua.mohanlall@integrativenutrition.com,'+1 631-214-7955,,'+1 877-210-0972,http://www.linkedin.com/in/joshuamohanlall,http://www.linkedin.com/school/institute-for-integrative-nutrition,https://integrativenutrition.com
Jaycob,Griffin,IT Manager,BIG - Bjarke Ingels Group,jaycobg@big.dk,'+1 646-920-2036,,'+45 72 21 72 27,http://www.linkedin.com/in/jaycob-griffin-7681a919b,http://www.linkedin.com/company/bjarke-ingels-group,https://big.dk
Gary,Jagan,IT Manager,Katten Muchin Rosenman LLP,gary.jagan@kattenlaw.com,'+1 202-374-9991,,'+1 312-902-5200,http://www.linkedin.com/in/gary-jagan-1a62277,http://www.linkedin.com/company/katten-muchin-rosenman-llp,https://katten.com
Ashraf,Elsayed,IT Manager,New York State Insurance Fund (NYSIF),ash@nysif.com,'+1 864-978-6439,'+1 212-312-9000,'+1 877-926-9743,http://www.linkedin.com/in/ashraf-elsayed-80026515,http://www.linkedin.com/company/new-york-state-insurance-fund-nysif,https://nysif.com
John,Gregov,IT Manager,Standard Motor Products,jgregov@smpcorp.com,'+1 206-295-5930,'+1 516-733-4719,'+1 718-392-0200,http://www.linkedin.com/in/jgregov,http://www.linkedin.com/company/standard-motor-products,https://smpcorp.com
Larry,Wills,Information Technology Manager,Grassi,lwills@grassicpas.com,'+1 631-252-7122,'+1 516-918-5964,'+1 212-661-6166,http://www.linkedin.com/in/larry-wills-04366036,http://www.linkedin.com/company/grassiadvisors,https://grassiadvisors.com
Brian,Flanagan,Information Technology Manager,Arcserve,brian.flanagan@arcserve.com,'+1 516-639-7639,'+1 720-437-5049,'+1 801-545-4700,http://www.linkedin.com/in/brian-flanagan-ba826a15,http://www.linkedin.com/company/arcserve,https://arcserve.com
Adi,Shniderman,IT Manager,KITH,adi@kithnyc.com,'+1 646-591-9743,'+1 212-473-4654,'+1 646-648-6285,http://www.linkedin.com/in/adi-shniderman-88784733,http://www.linkedin.com/company/kithnyc,https://kith.com
Rayvoll,Ormond,IT Manager,AAAS,rormond@aaas.org,'+1 347-794-5439,'+1 202-326-6747,'+1 202-326-6400,http://www.linkedin.com/in/rayvollormond,http://www.linkedin.com/company/aaasorg,https://aaas.org
Sehar,Babar,IT Manager,BuzzFeed,sehar.babar@buzzfeed.com,'+1 631-649-2497,,'+1 646-397-2039,http://www.linkedin.com/in/sehar-babar,http://www.linkedin.com/company/buzzfeed,https://buzzfeed.com
Steve,Raju,IT Manager,Lals Group,steve.raju@lalsgroup.com,'+971 50 644 3116,,'+971 4 813 3777,http://www.linkedin.com/in/steve-raju-85a0298,http://www.linkedin.com/company/lals-group,https://lalsgroup.com
James,Militana,Information Technology Manager,Byram Healthcare,jmilitana@byramhealthcare.com,'+1 914-316-6856,,'+1 914-286-2000,http://www.linkedin.com/in/james-militana-14a5895a,http://www.linkedin.com/company/byram-healthcare,https://byramhealthcare.com
David,Li,Information Technology Manager,Maven Clinic,david.li@mavenclinic.com,'+1 646-427-7888,,'+1 570-302-4100,http://www.linkedin.com/in/david-li-8665075,http://www.linkedin.com/company/mavenclinic,https://mavenclinic.com
Alison,Basar,Information Technology Manager,Artisan Partners,alison.basar@artisanpartners.com,'+1 917-865-2917,,'+1 800-399-1770,http://www.linkedin.com/in/alison-basar-2325902,http://www.linkedin.com/company/artisan-partners,https://artisanpartners.com
Katy,Levee,IT Manager,Preferred Home Care of NY,kchenglevee@preferredhcny.com,'+1 347-282-4080,'+1 347-594-5932,'+1 718-841-8000,http://www.linkedin.com/in/katy-cheng-levee-930229141,http://www.linkedin.com/company/preferred-home-care-of-ny,https://preferredhcny.com
Don,Cho,IT Manager,Bogopa Service Corp/ Food Bazaar Supermarket,don.cho@bogopausa.com,'+1 646-675-0063,'+1 718-257-7801,'+1 800-553-8341,http://www.linkedin.com/in/don-cho-18736031,http://www.linkedin.com/company/bogopa-food-bazaar-supermarkets,https://foodbazaar.com
Barry,Watkins,IT Manager,Lindblad Expeditions,barryw@expeditions.com,'+1 212-664-7073,'+1 201-898-0017,'+1 212-261-9000,http://www.linkedin.com/in/barrylwatkins,http://www.linkedin.com/company/lindblad-expeditions,https://expeditions.com
Jooree,Kim,IT Manager,Bonchon,jooree@bonchon.com,'+1 347-782-9682,,'+1 972-865-4088,http://www.linkedin.com/in/jooree-kim-540384149,http://www.linkedin.com/company/bonchon,https://bonchon.com
John,Dolan,Information Technology Manager,Grassi,jdolan@grassiadvisors.com,'+1 845-405-7310,'+1 201-808-9806,'+1 212-661-6166,http://www.linkedin.com/in/john-dolan-67677110,http://www.linkedin.com/company/grassiadvisors,https://grassiadvisors.com
Charles,Rios,IT Manager,Bally,crios@bally.ch,'+1 917-930-4235,,,http://www.linkedin.com/in/charles-rios-3a5b4b96,http://www.linkedin.com/company/bally,https://bally.com
Rich,Kim,IT Manager,Talkspace,rich.kim@talkspace.com,'+1 949-878-0017,'+1 248-760-7617,'+1 800-273-8255,http://www.linkedin.com/in/rich-k-a9351a2,http://www.linkedin.com/company/talkspace-online-therapy,https://talkspace.com
Nicole,Molina,IT Manager,uBreakiFix,n.alcivar@ubreakifix.com,'+1 443-707-8516,,'+1 877-320-2237,http://www.linkedin.com/in/nicole-alcivar-molina-729b75144,http://www.linkedin.com/company/ubreakifix,https://ubreakifix.com
Thomas,Sebastian,IT Manager,Blinds To Go,tsebastian@blindstogo.com,'+1 732-586-8345,,'+1 800-254-6377,http://www.linkedin.com/in/thomasebastian,http://www.linkedin.com/company/blinds-to-go,https://blindstogo.com
Jennifer,Herrera,IT Manager,Century 21 Stores,jherrera@c21stores.com,'+1 347-935-8384,,'+1 888-350-2121,http://www.linkedin.com/in/jennifer-herrera-44b8a6b1,http://www.linkedin.com/company/c21stores,https://c21stores.com
Joe,Crowder,IT Manager,LRN,joe.crowder@lrn.com,'+1 505-721-7039,,'+1 866-439-3071,http://www.linkedin.com/in/joe-crowder,http://www.linkedin.com/company/lrn,https://lrn.com
Michael,Alvez,Information Technology Manager,Droga5,malvez@droga5.com,'+1 646-208-7355,'+1 917-237-6812,'+1 917-237-8888,http://www.linkedin.com/in/michael-alvez-11020a60,http://www.linkedin.com/company/droga5,https://droga5.com
Alessandro,Falasca,IT Manager,Ferrari Group,alessandro.falasca@ferrarigroup.net,'+1 347-671-4831,,'+39 131 208 520,http://www.linkedin.com/in/falasca,http://www.linkedin.com/company/ferrari-group,https://ferrarigroup.net
Douglas,Baylis,IT Manager,Katten Muchin Rosenman LLP,douglas.baylis@katten.com,'+1 212-940-6336,,'+1 312-902-5200,http://www.linkedin.com/in/douglas-baylis-8783a94,http://www.linkedin.com/company/katten-muchin-rosenman-llp,https://katten.com
Hayden,Stembridge,IT Manager,Roc Nation,hstembridge@rocnation.com,'+1 512-988-1734,'+1 212-497-2073,,http://www.linkedin.com/in/haydenstembridge,http://www.linkedin.com/company/rocnation,https://rocnation.com
Rick,Marshall,Information Technology Manager,American Hospital Association,rmarshall@aha.org,'+1 917-426-7425,'+1 202-627-1727,'+1 312-422-3000,http://www.linkedin.com/in/allrichmarks,http://www.linkedin.com/company/american-hospital-association,https://aha.org
Jason,Berndt,IT Manager,Sermo,jason.berndt@sermo.com,'+1 845-224-5063,'+1 646-627-9097,'+1 866-910-6279,http://www.linkedin.com/in/jasonberndt,http://www.linkedin.com/company/worldone,https://sermo.com
Kyle,Tomczak,IT Manager,The Fedcap Group,ktomczak@fedcap.org,'+1 646-989-0312,'+1 646-931-2388,'+1 212-727-4200,http://www.linkedin.com/in/kdtomczak,http://www.linkedin.com/company/fedcapgroup,https://fedcapgroup.org